Constituent Name,Constituent Symbol
3M Co,MMM 
ACE Limited,ACE 
AES Corp,AES 
AFLAC Inc,AFL 
AGL Resources,GAS 
AT&T Inc,T 
Abbott Laboratories,ABT 
Abercrombie & Fitch Company A,ANF 
Accenture plc,ACN 
Adobe Systems Inc,ADBE 
Advanced Micro Devices,AMD 
Aetna Inc,AET 
Agilent Technologies Inc,A 
Air Products & Chemicals Inc,APD 
Airgas Inc,ARG 
Akamai Technologies Inc,AKAM 
Alcoa Inc,AA 
Allegheny Technologies Inc,ATI 
Allergan Inc,AGN 
Allstate Corp,ALL 
Alpha Natural Resources,ANR 
Altera Corp,ALTR 
Altria Group Inc,MO 
Amazon.com Inc,AMZN 
Ameren Corp,AEE 
American Electric Power,AEP 
American Express Co,AXP 
American Intl Group Inc,AIG 
American Tower Corp A,AMT 
Ameriprise Financial Inc,AMP 
AmerisourceBergen Corp,ABC 
Amgen Inc,AMGN 
Amphenol Corp A,APH 
Anadarko Petroleum Corp,APC 
Analog Devices Inc,ADI 
Aon Corp,AON 
Apache Corp,APA 
Apartment Investment & Mgmt,AIV 
Apollo Group Inc,APOL 
Apple Inc.,AAPL 
Applied Materials Inc,AMAT 
Archer-Daniels-Midland Co,ADM 
Assurant Inc,AIZ 
AutoNation Inc,AN 
AutoZone Inc,AZO 
Autodesk Inc,ADSK 
Automatic Data Processing,ADP 
AvalonBay Communities Inc,AVB 
Avery Dennison Corp,AVY 
Avon Products,AVP 
BB&T Corp,BBT 
BMC Software Inc,BMC 
Baker Hughes Inc,BHI 
Ball Corp,BLL 
Bank of America Corp,BAC 
"Bard, C.R. Inc",BCR 
Baxter Intl Inc,BAX 
Beam Inc,BEAM 
"Becton, Dickinson & Co",BDX 
Bed Bath & Beyond Inc,BBBY 
Bemis Co Inc,BMS 
Berkshire Hathaway B,BRK/B 
Best Buy Co Inc,BBY 
Big Lots Inc,BIG 
Biogen Idec Inc,BIIB 
BlackRock Inc,BLK 
Block H & R Inc,HRB 
Boeing Co,BA 
Borgwarner Inc,BWA 
Boston Properties Inc,BXP 
Boston Scientific Corp,BSX 
Bristol-Myers Squibb,BMY 
Broadcom Corp A,BRCM 
Brown-Forman Corp B,BF/B 
CA Inc,CA 
"CBRE Group, Inc.",CBG 
CBS Corp B,CBS 
CF Industries Holdings,CF 
CH Robinson Worldwide Inc,CHRW 
CMS Energy Corp,CMS 
CONSOL Energy Inc,CNX 
CSX Corp,CSX 
CVS Caremark Corp.,CVS 
Cablevision Systems Co A,CVC 
Cabot Oil & Gas A,COG 
Cameron International Corp,CAM 
Campbell Soup Co,CPB 
Capital One Financial,COF 
Cardinal Health Inc,CAH 
CareFusion Corp.,CFN 
Carmax Inc,KMX 
Carnival Corp,CCL 
Caterpillar Inc,CAT 
Celgene Corp,CELG 
Centerpoint Energy Inc,CNP 
CenturyLink Inc,CTL 
Cerner Corp,CERN 
Chesapeake Energy Corp,CHK 
Chevron Corp,CVX 
Chicago Mercantile Exchange,CME 
Chipotle Mexican Grill Inc.,CMG 
Chubb Corp,CB 
Cigna Corporation,CI 
Cincinnati Financial Corp,CINF 
Cintas Corp,CTAS 
Cisco Systems Inc,CSCO 
Citigroup Inc,C 
Citrix Systems Inc,CTXS 
Cliffs Natural Resources Inc,CLF 
Clorox Co,CLX 
Coach Inc,COH 
Coca-Cola Co,KO 
Coca-Cola Enterprises,CCE 
Cognizant Tech Solutions Corp,CTSH 
Colgate-Palmolive Co,CL 
Comcast Corp,CMCSA 
Comerica Inc (MI),CMA 
Computer Sciences,CSC 
ConAgra Foods Inc,CAG 
ConocoPhillips,COP 
Consolidated Edison Inc,ED 
Constellation Brands Inc A,STZ 
Constellation Energy Group,CEG 
Cooper Industries Plc,CBE 
Corning Inc,GLW 
Costco Wholesale Corp,COST 
Coventry Health Care Inc,CVH 
Covidien Plc,COV 
Cummins Inc,CMI 
DIRECTV Class A,DTV 
DTE Energy Co,DTE 
Danaher Corp,DHR 
Darden Restaurants Inc,DRI 
Davita Inc,DVA 
DeVry Inc,DV 
Dean Foods Co,DF 
Deere & Co,DE 
Dell Inc,DELL 
Denbury Resources Inc,DNR 
Dentsply Intl,XRAY 
Devon Energy Corp,DVN 
Diamond Offshore Drilling,DO 
Discover Financial Services,DFS 
Discovery Communications Inc,DISCA 
Dollar Tree Inc,DLTR 
Dominion Resources Inc,D 
"Donnelley, R.R. & Sons",RRD 
Dover Corp,DOV 
Dow Chemical,DOW 
Dr Pepper Snapple Group,DPS 
"DuPont, E.I. de Nemours",DD 
Duke Energy Corp,DUK 
Dun & Bradstreet Corp,DNB 
E*TRADE Financial Corp,ETFC 
EMC Corp,EMC 
EOG Resources,EOG 
EQT Corporation,EQT 
Eastman Chemical Co,EMN 
Eaton Corp,ETN 
Ecolab Inc,ECL 
Edison Intl,EIX 
Edwards Lifesciences Corp,EW 
El Paso Corp,EP 
Electronic Arts,EA 
Emerson Electric Co,EMR 
Entergy Corp,ETR 
Equifax Inc,EFX 
Equity Residential,EQR 
Estee Lauder Cos.,EL 
Exelon Corp,EXC 
Expedia,EXPE 
Expeditors Intl of WA Inc,EXPD 
Express Scripts Inc,ESRX 
Exxon Mobil Corp,XOM 
F5 Networks Inc,FFIV 
FLIR Systems Inc,FLIR 
FMC Corp,FMC 
FMC Technologies Inc,FTI 
Family Dollar Stores Inc,FDO 
Fastenal Co,FAST 
FedEx Corp,FDX 
Federated Investors Inc B,FII 
Fidelity National Information,FIS 
Fifth Third Bancorp (OH),FITB 
First Horizon National Corp,FHN 
First Solar Inc,FSLR 
FirstEnergy Corp,FE 
Fiserv Inc,FISV 
Flowserve Corp,FLS 
Fluor Corp,FLR 
Ford Motor Co,F 
Forest Laboratories,FRX 
Franklin Resources Inc,BEN 
Freeport McMoRan Copper & Gold,FCX 
Frontier Communications Corp,FTR 
GameStop Corp A,GME 
Gannett Co Inc,GCI 
Gap Inc,GPS 
General Dynamics,GD 
General Electric Co,GE 
General Mills Inc,GIS 
Genuine Parts Co,GPC 
Genworth Financial Inc,GNW 
Gilead Sciences Inc,GILD 
Goldman Sachs Group Inc,GS 
Goodrich Corp,GR 
Goodyear Tire & Rubber Co,GT 
Google Inc,GOOG 
"Grainger, W.W. Inc",GWW 
HCP Inc,HCP 
Halliburton Co,HAL 
Harley-Davidson Inc,HOG 
Harman Intl Industries Inc,HAR 
Harris Corp,HRS 
Hartford Finl Services Group,HIG 
Hasbro Inc,HAS 
Health Care REIT Inc,HCN 
"Heinz, H.J. Co",HNZ 
Helmerich & Payne Inc,HP 
Hershey Foods Corp,HSY 
Hess Corp,HES 
Hewlett-Packard Co,HPQ 
Home Depot Inc,HD 
Honeywell Intl Inc,HON 
Hormel Foods Corp,HRL 
"Horton, D.R. Inc",DHI 
"Hospira, Inc",HSP 
Host Hotels & Resorts Inc,HST 
Hudson City Bancorp,HCBK 
Humana Inc,HUM 
Huntington Bancshares (OH),HBAN 
Illinois Tool Works Inc,ITW 
Ingersoll-Rand Plc,IR 
Integrys Energy Group Inc,TEG 
Intel Corp,INTC 
IntercontinentalExchange,ICE 
Interpublic Group Cos,IPG 
Intl Business Machines Corp,IBM 
Intl Flavors & Fragrances,IFF 
Intl Game Technology,IGT 
Intl Paper Co,IP 
Intuit Inc,INTU 
Intuitive Surgical Inc,ISRG 
Invesco Ltd,IVZ 
Iron Mountain Inc,IRM 
JDS Uniphase Corp,JDSU 
JP Morgan Chase & Co,JPM 
Jabil Circuit Inc,JBL 
Jacobs Engineering Group Inc,JEC 
Johnson & Johnson,JNJ 
Johnson Controls Inc,JCI 
Joy Global Inc,JOY 
Juniper Networks Inc,JNPR 
KLA-Tencor Corporation,KLAC 
Kellogg Co,K 
KeyCorp,KEY 
Kimberly-Clark,KMB 
Kimco Realty Corp,KIM 
Kohl's Corp,KSS 
Kraft Foods Inc A,KFT 
Kroger Co,KR 
L-3 Communications Holdings,LLL 
LSI Corporation,LSI 
Lab Corp of America Hldgs,LH 
Legg Mason Inc,LM 
Leggett & Platt,LEG 
Lennar Corp,LEN 
Leucadia National Corp (NY),LUK 
Lexmark International Inc,LXK 
Life Technologies Corp,LIFE 
"Lilly, Eli & Co",LLY 
Limited Brands Inc,LTD 
Lincoln National Corp,LNC 
Linear Technology Corp,LLTC 
Lockheed Martin,LMT 
Loews Corp,L 
Lorillard Inc,LO 
Lowe's Cos Inc,LOW 
M&T Bank Corp,MTB 
Macy's Inc,M 
Marathon Oil Corp,MRO 
Marathon Petroleum Corp.,MPC 
Marriott Intl A,MAR 
Marsh & McLennan Companies,MMC 
Masco Corp,MAS 
Mastercard Inc A,MA 
Mattel Inc,MAT 
McCormick & Co,MKC 
McDonald's Corp,MCD 
McGraw-Hill Cos Inc,MHP 
McKesson Corp,MCK 
Mead Johnson Nutrition Co,MJN 
MeadWestvaco Corp,MWV 
Medco Health Solutions Inc,MHS 
Medtronic Inc,MDT 
Merck & Co Inc,MRK 
Metlife Inc,MET 
Metropcs Communications Inc,PCS 
Microchip Technology Inc,MCHP 
Micron Technology Inc,MU 
Microsoft Corp,MSFT 
Molex Inc,MOLX 
Molson Coors Brewing Co B,TAP 
Monsanto Co.,MON 
Moody's Corp,MCO 
Morgan Stanley,MS 
Mosaic Co,MOS 
"Motorola Mobility Holdings, Inc",MMI 
"Motorola Solutions, Inc",MSI 
Murphy Oil Corp,MUR 
Mylan Inc.,MYL 
NIKE Inc B,NKE 
NRG Energy,NRG 
NYSE Euronext,NYX 
Nabors Industries Ltd,NBR 
Nasdaq OMX Group/The,NDAQ 
National Oilwell Varco Inc,NOV 
NetApp Inc,NTAP 
NetFlix Inc,NFLX 
Newell Rubbermaid Inc,NWL 
Newfield Exploration Co,NFX 
Newmont Mining Corp,NEM 
News Corporation,NWSA 
NextEra Energy Inc,NEE 
Nisource Inc,NI 
Noble Corp,NE 
Noble Energy Inc,NBL 
Nordstrom Inc,JWN 
Norfolk Southern Corp,NSC 
Northeast Utilities,NU 
Northern Trust Corp (IL),NTRS 
Northrop Grumman Corp,NOC 
Novellus Systems Inc,NVLS 
Nucor Corp,NUE 
Nvidia Corp,NVDA 
O'Reilly Automotive,ORLY 
ONEOK Inc,OKE 
Occidental Petroleum,OXY 
Omnicom Group,OMC 
Oracle Corp,ORCL 
Owens-Illinois Inc,OI 
PACCAR Inc,PCAR 
PG&E Corporation,PCG 
PNC Finl Services Group,PNC 
PPG Industries Inc,PPG 
PPL Corp,PPL 
Pall Corp,PLL 
Parker-Hannifin Corp,PH 
Patterson Cos Inc,PDCO 
Paychex Inc,PAYX 
Peabody Energy Corp,BTU 
"Penney, J.C. Inc",JCP 
People's United Financial Inc,PBCT 
Pepco Holdings Inc,POM 
PepsiCo Inc,PEP 
PerkinElmer Inc,PKI 
Perrigo Co,PRGO 
Pfizer Inc,PFE 
Philip Morris International,PM 
Pinnacle West Capital (AZ),PNW 
Pioneer Natural Resources,PXD 
Pitney Bowes Inc,PBI 
Plum Creek Timber Co,PCL 
Praxair Inc,PX 
Precision Castparts Corp,PCP 
Priceline.com Inc,PCLN 
Principal Financial Group,PFG 
"ProLogis, Inc",PLD 
Procter & Gamble,PG 
Progress Energy Inc,PGN 
Progressive Corp,PGR 
Prudential Financial Inc,PRU 
Public Service Enterprise Grp,PEG 
Public Storage,PSA 
Pulte Group Inc,PHM 
QEP Resources,QEP 
QUALCOMM Inc,QCOM 
Quanta Services Inc,PWR 
Quest Diagnostics,DGX 
Ralph Lauren Corp,RL 
Range Resources Corp,RRC 
Raytheon Co,RTN 
Red Hat Inc,RHT 
Regions Financial Corp,RF 
Republic Services Inc,RSG 
Reynolds American Inc,RAI 
Robert Half Intl Inc,RHI 
Rockwell Automation Inc,ROK 
Rockwell Collins,COL 
Roper Industries Inc,ROP 
Ross Stores Inc,ROST 
Rowan Companies Inc,RDC 
Ryder System Inc,R 
SAIC Inc,SAI 
SCANA Corp,SCG 
SLM Corp,SLM 
Safeway Inc,SWY 
Salesforce.com,CRM 
SanDisk Corp,SNDK 
Sara Lee Corp,SLE 
Schlumberger Ltd,SLB 
"Schwab, Charles Corp",SCHW 
Scripps Networks Interactive,SNI 
Sealed Air Corp,SEE 
Sears Holdings Corp,SHLD 
Sempra Energy,SRE 
Sherwin-Williams Co,SHW 
Sigma-Aldrich Corp,SIAL 
Simon Property Group,SPG 
"Smucker, J.M. Co",SJM 
Snap On Inc,SNA 
Southern Co,SO 
Southwest Airlines Co,LUV 
Southwestern Energy Co,SWN 
Spectra Energy Corp,SE 
Sprint Nextel Corp,S 
St Jude Medical Inc,STJ 
Stanley Black & Decker,SWK 
Staples Inc,SPLS 
Starbucks Corp,SBUX 
Starwood Hotel & Resort World,HOT 
State Street Corp,STT 
Stericycle Inc,SRCL 
Stryker Corp,SYK 
SunTrust Banks Inc (GA),STI 
Sunoco Inc,SUN 
Supervalu Inc,SVU 
Symantec Corp,SYMC 
Sysco Corp,SYY 
T Rowe Price Group Inc,TROW 
TE Connectivity Ltd.,TEL 
TECO Energy Inc,TE 
TJX Cos Inc,TJX 
Target Corp,TGT 
Tenet Healthcare,THC 
Teradata Corp,TDC 
Teradyne Inc,TER 
Tesoro Corp,TSO 
Texas Instruments Inc,TXN 
Textron Inc,TXT 
The Bank of New York Mellon Corp,BK 
The Williams Companies Inc,WMB 
Thermo Fisher Scientific,TMO 
Tiffany & Co,TIF 
Time Warner Cable Inc,TWC 
Time Warner Inc,TWX 
Titanium Metals Corp,TIE 
Torchmark Corp,TMK 
Total System Services Inc,TSS 
Travelers Cos Inc,TRV 
TripAdvisor Inc.,TRIP 
Tyco Intl,TYC 
Tyson Foods Inc A,TSN 
US Bancorp,USB 
Union Pacific Corp,UNP 
United Parcel Service Inc B,UPS 
United States Steel Corp,X 
United Technologies Corp,UTX 
Unitedhealth Group Inc,UNH 
Unum Group,UNM 
Urban Outfitters,URBN 
VF Corp,VFC 
Valero Energy Corp,VLO 
Varian Medical Systems Inc,VAR 
Ventas Inc,VTR 
VeriSign Inc,VRSN 
Verizon Communications Inc,VZ 
Viacom Inc B,VIAB 
Visa Inc,V 
Vornado Realty Trust,VNO 
Vulcan Materials Co,VMC 
WPX Energy Inc.,WPX 
Wal-Mart Stores,WMT 
Walgreen Co,WAG 
Walt Disney Co,DIS 
Washington Post Co B,WPO 
Waste Management Inc,WM 
Waters Corp,WAT 
Watson Pharmaceuticals,WPI 
WellPoint Inc,WLP 
Wells Fargo & Co,WFC 
Western Digital Corp,WDC 
Western Union Co,WU 
Weyerhaeuser Co,WY 
Whirlpool Corp,WHR 
Whole Foods Market Inc,WFM 
Windstream Corp,WIN 
Wisconsin Energy Corp,WEC 
Wyndham Worldwide Corp,WYN 
Wynn Resorts Ltd,WYNN 
XL Group Plc,XL 
Xcel Energy Inc,XEL 
Xerox Corp,XRX 
Xilinx Inc,XLNX 
Xylem Inc,XYL 
Yahoo Inc,YHOO 
Yum! Brands Inc,YUM 
Zimmer Holdings Inc,ZMH 
Zions Bancorp (UT),ZION 
eBay Inc.,EBAY 
